habitat_type,stationID,latitude,longitude,
emergentMarsh,CRLA01,42.49813444,-88.0913262,
emergentMarsh,CRLA02,42.49819124,-88.09127696,
emergentMarsh,CRLA03,42.49818192,-88.09134767,
emergentMarsh,CRLA04,42.49814375,-88.09140701,
emergentMarsh,CRLA05,42.498235,-88.09120877,
emergentMarsh,CRLA06,42.49811954,-88.09147773,
emergentMarsh,CRLA07,42.49822941,-88.09125549,
emergentMarsh,CRLA08,42.49808323,-88.09145121,
emergentMarsh,CRLA09,42.49821545,-88.09114311,
emergentMarsh,CRLA10,42.49826293,-88.09109891,
emergentMarsh,CRLA11,42.49812048,-88.09131357,
emergentMarsh,CRLA12,42.4980581,-88.09146131,
emergentMarsh,CRLA13,42.49827317,-88.09113301,
emergentMarsh,CRLA14,42.49831973,-88.0909234,
emergentMarsh,CRLA15,42.49836442,-88.09085016,
emergentMarsh,CRLA16,42.49769315,-88.09117844,
emergentMarsh,CRLA17,42.49766429,-88.09114939,
emergentMarsh,CRLA18,42.49758701,-88.09113929,
emergentMarsh,CRLA19,42.4975386,-88.09109509,
emergentMarsh,CRLA20,42.49749112,-88.09108625,
emergentMarsh,CRLA21,42.49738219,-88.0909726,
emergentMarsh,CRLA22,42.49772573,-88.09119107,
emergentMarsh,CRLA23,42.49755586,-88.09113239,
emergentMarsh,CRLA24,42.49746462,-88.09102884,
emergentMarsh,CRLA25,42.49747114,-88.09109829,
emergentMarsh,CRLA26,42.49764989,-88.091217,
emergentMarsh,CRLA27,42.49762382,-88.09124604,
emergentMarsh,CRLA28,42.49759869,-88.09117659,
emergentMarsh,CRLA29,42.49753352,-88.09116017,
emergentMarsh,CRLA30,42.49749535,-88.09113744,
emergentMarsh,DELA01,42.43250243,-88.07812798,
emergentMarsh,DELA02,42.43170281,-88.0757877,
emergentMarsh,DELA03,42.43153784,-88.07764882,
emergentMarsh,DELA04,42.43097828,-88.07772784,
emergentMarsh,DELA05,42.43134473,-88.07447062,
emergentMarsh,DELA06,42.43100701,-88.07874092,
emergentMarsh,DELA07,42.43058515,-88.07809467,
emergentMarsh,DELA08,42.4302326,-88.07314008,
emergentMarsh,DELA09,42.43199423,-88.07825943,
emergentMarsh,DELA10,42.42993761,-88.07836257,
emergentMarsh,DELA11,42.42829665,-88.07413804,
emergentMarsh,DELA12,42.42965416,-88.07327359,
emergentMarsh,DELA13,42.42920212,-88.07285374,
emergentMarsh,DELA14,42.43083476,-88.07117727,
emergentMarsh,DELA15,42.42812061,-88.07373087,
emergentMarsh,DELA16,42.43050861,-88.07876559,
emergentMarsh,DELA17,42.42974817,-88.07865371,
emergentMarsh,DELA18,42.43169347,-88.07087216,
emergentMarsh,DELA19,42.42865015,-88.07255276,
emergentMarsh,DELA20,42.42917401,-88.07198201,
emergentMarsh,DELA21,42.42999512,-88.0712338,
emergentMarsh,DELA22,42.43090181,-88.0733809,
emergentMarsh,DELA23,42.43207234,-88.07686281,
emergentMarsh,DELA24,42.43037487,-88.07969248,
emergentMarsh,DELA25,42.4315962,-88.07513524,
emergentMarsh,DELA26,42.42880876,-88.07296016,
emergentMarsh,DELA27,42.42776968,-88.07398656,
emergentMarsh,DELA28,42.43116238,-88.07069589,
emergentMarsh,DELA29,42.42928994,-88.07032784,
emergentMarsh,DELA30,42.43056203,-88.07086674,
emergentMarsh,CELA01,42.42265225,-88.1006503,
emergentMarsh,CELA02,42.42332263,-88.10036087,
emergentMarsh,CELA03,42.42336348,-88.10069258,
emergentMarsh,CELA04,42.42316028,-88.10012227,
emergentMarsh,CELA05,42.42355617,-88.09999267,
emergentMarsh,CELA06,42.4240574,-88.09832699,
emergentMarsh,CELA07,42.42407903,-88.09796026,
emergentMarsh,CELA08,42.42280842,-88.10097259,
emergentMarsh,CELA09,42.42259421,-88.10028457,
emergentMarsh,CELA10,42.42254264,-88.10112535,
emergentMarsh,CELA11,42.42258754,-88.10162624,
emergentMarsh,CELA12,42.42296643,-88.10156421,
emergentMarsh,CELA13,42.42246597,-88.10051551,
emergentMarsh,CELA14,42.42222575,-88.10112116,
emergentMarsh,CELA15,42.42228841,-88.10164256,
emergentMarsh,CELA16,42.4221261,-88.1003519,
emergentMarsh,CELA17,42.42204552,-88.10080345,
emergentMarsh,CELA18,42.42138456,-88.09839316,
emergentMarsh,CELA19,42.42140207,-88.09883542,
emergentMarsh,CELA20,42.42162065,-88.10077223,
emergentMarsh,CELA21,42.4216331,-88.09757806,
emergentMarsh,CELA22,42.42178277,-88.1011899,
emergentMarsh,CELA23,42.42198379,-88.10169039,
emergentMarsh,CELA24,42.4215138,-88.10003829,
emergentMarsh,CELA25,42.42122743,-88.09847964,
emergentMarsh,CELA26,42.4214488,-88.10053699,
emergentMarsh,CELA27,42.42130261,-88.09984052,
emergentMarsh,CELA28,42.42115831,-88.09797985,
emergentMarsh,CELA29,42.42147278,-88.09790487,
emergentMarsh,CELA30,42.42137243,-88.10097603,
emergentMarsh,ALMA01,42.33939456,-87.98485676,
emergentMarsh,ALMA02,42.33952254,-87.98513014,
emergentMarsh,ALMA03,42.33947177,-87.98448579,
emergentMarsh,ALMA04,42.33933755,-87.98494842,
emergentMarsh,ALMA05,42.33935241,-87.98535243,
emergentMarsh,ALMA06,42.33588855,-87.98511535,
emergentMarsh,ALMA07,42.33587118,-87.98521818,
emergentMarsh,ALMA08,42.33580773,-87.98546135,
emergentMarsh,ALMA09,42.33559243,-87.98535593,
emergentMarsh,ALMA10,42.33553476,-87.98515719,
emergentMarsh,ALMA11,42.33552623,-87.9853247,
emergentMarsh,ALMA12,42.33578922,-87.98489727,
emergentMarsh,ALMA13,42.33568842,-87.9847839,
emergentMarsh,ALMA14,42.33548767,-87.98461531,
emergentMarsh,ALMA15,42.33525796,-87.98473387,
emergentMarsh,ALMA16,42.33606074,-87.9864324,
emergentMarsh,ALMA17,42.3356196,-87.98659187,
emergentMarsh,ALMA18,42.33555728,-87.98665807,
emergentMarsh,ALMA19,42.33506087,-87.98655424,
emergentMarsh,ALMA20,42.33502033,-87.98650164,
emergentMarsh,ALMA21,42.33550553,-87.98672527,
emergentMarsh,ALMA22,42.33545357,-87.9868276,
emergentMarsh,ALMA23,42.33509368,-87.98604228,
emergentMarsh,ALMA24,42.33503611,-87.98608255,
emergentMarsh,ALMA25,42.33497556,-87.98614358,
emergentMarsh,ALMA26,42.33543352,-87.98525303,
emergentMarsh,ALMA27,42.33535258,-87.98527856,
emergentMarsh,ALMA28,42.3354043,-87.98516796,
emergentMarsh,ALMA29,42.33526703,-87.98541425,
emergentMarsh,ALMA30,42.33578862,-87.98499713,
emergentMarsh,DELA31,42.43070708,-88.07295226,
emergentMarsh,DELA32,42.43042857,-88.07799484,
emergentMarsh,DELA33,42.4303874,-88.07825949,
emergentMarsh,DELA34,42.4302862,-88.07857053,
emergentMarsh,DELA35,42.43086928,-88.07835254,
emergentMarsh,DELA36,42.43013937,-88.07804904,
emergentMarsh,DELA37,42.42956646,-88.07836483,
emergentMarsh,DELA38,42.42992353,-88.07785902,
emergentMarsh,DELA39,42.42974699,-88.07767787,
emergentMarsh,DELA40,42.43016097,-88.07920165,
emergentMarsh,DELA41,42.43071862,-88.07866955,
emergentMarsh,DELA42,42.42945042,-88.07872739,
emergentMarsh,DELA43,42.42965384,-88.07866244,
emergentMarsh,DELA44,42.43084414,-88.07782496,
emergentMarsh,DELA45,42.42931941,-88.07723936,
emergentMarsh,DELA46,42.42920172,-88.07706515,
emergentMarsh,DELA47,42.42895463,-88.07682154,
emergentMarsh,DELA48,42.42870218,-88.07667493,
emergentMarsh,DELA49,42.42849216,-88.0765552,
emergentMarsh,DELA50,42.42813372,-88.07606171,
emergentMarsh,DELA51,42.42809874,-88.0758465,
emergentMarsh,DELA52,42.42797271,-88.07558444,
emergentMarsh,DELA53,42.4273252,-88.07498022,
emergentMarsh,DELA54,42.42755047,-88.07477905,
emergentMarsh,DELA55,42.42773719,-88.07475939,
emergentMarsh,DELA56,42.42811981,-88.07505052,
emergentMarsh,DELA57,42.42757408,-88.07396721,
emergentMarsh,DELA58,42.42843173,-88.07362915,
emergentMarsh,DELA59,42.42837189,-88.07326274,
emergentMarsh,DELA60,42.42941591,-88.07093433,
emergentMarsh,DELA61,42.42947336,-88.07128611,
emergentMarsh,DELA62,42.42941316,-88.07166496,
emergentMarsh,DELA63,42.42901771,-88.0720449,
emergentMarsh,DELA64,42.42903654,-88.07061771,
emergentMarsh,DELA65,42.42883501,-88.07013273,
emergentMarsh,DELA66,42.4290662,-88.07092503,
emergentMarsh,DELA67,42.43038778,-88.07121712,
emergentMarsh,DELA68,42.43077718,-88.07038282,
emergentMarsh,DELA69,42.43033422,-88.07159876,
emergentMarsh,DELA70,42.4315439,-88.07496899,
emergentMarsh,DELA71,42.42814619,-88.0729571,
emergentMarsh,DELA72,42.4282813,-88.07224729,
emergentMarsh,DELA73,42.42821986,-88.07133174,
emergentMarsh,DELA74,42.42801459,-88.07278613,
emergentMarsh,DELA75,42.42879587,-88.071762,
emergentMarsh,DELA76,42.42927325,-88.07137752,
emergentMarsh,DELA77,42.42938479,-88.07039898,
emergentMarsh,DELA78,42.4296654,-88.07196866,
emergentMarsh,DELA79,42.42994591,-88.07046538,
emergentMarsh,DELA80,42.42980075,-88.07127175,
emergentMarsh,DELA81,42.4294611,-88.07279666,
emergentMarsh,DELA82,42.42891099,-88.07275565,
emergentMarsh,DELA83,42.42945411,-88.07316698,
emergentMarsh,DELA84,42.42967379,-88.07262818,
emergentMarsh,DELA85,42.4297777,-88.07281148,
emergentMarsh,DELA86,42.43025342,-88.07253068,
emergentMarsh,DELA87,42.43019092,-88.07282181,
emergentMarsh,DELA88,42.43113476,-88.07334766,
emergentMarsh,DELA89,42.43122814,-88.0736952,
emergentMarsh,DELA90,42.4311298,-88.07418679,
emergentMarsh,ALMA31,42.33739611,-87.98498572,
emergentMarsh,ALMA32,42.33728688,-87.98494664,
emergentMarsh,ALMA33,42.33819641,-87.98493931,
emergentMarsh,ALMA34,42.33885776,-87.98439224,
emergentMarsh,ALMA35,42.33982216,-87.98529397,
emergentMarsh,ALMA36,42.33969123,-87.98316062,
emergentMarsh,ALMA37,42.3388549,-87.9805702,
emergentMarsh,ALMA38,42.33814971,-87.9803979,
emergentMarsh,ALMA39,42.33770986,-87.97898477,
emergentMarsh,ALMA40,42.33679011,-87.97870284,
emergentMarsh,ALMA41,42.33643861,-87.97985894,
emergentMarsh,ALMA42,42.33527831,-87.98069482,
emergentMarsh,ALMA43,42.33520689,-87.98074084,
emergentMarsh,ALMA44,42.33584693,-87.98238236,
emergentMarsh,ALMA45,42.3362034,-87.98424755,
emergentMarsh,ALMA46,42.33606198,-87.98425317,
emergentMarsh,ALMA47,42.33596324,-87.9841966,
emergentMarsh,ALMA48,42.33574767,-87.98390944,
emergentMarsh,ALMA49,42.33559589,-87.98354926,
emergentMarsh,ALMA50,42.33549629,-87.98343865,
emergentMarsh,ALMA51,42.33538787,-87.98337095,
emergentMarsh,ALMA52,42.3352839,-87.98338449,
emergentMarsh,ALMA53,42.33524951,-87.98344674,
emergentMarsh,ALMA54,42.33514519,-87.9846543,
emergentMarsh,ALMA55,42.33509153,-87.98460581,
emergentMarsh,ALMA56,42.33504903,-87.98448854,
emergentMarsh,ALMA57,42.33563911,-87.98473895,
emergentMarsh,ALMA58,42.33561218,-87.98464027,
emergentMarsh,ALMA59,42.33594645,-87.98507006,
emergentMarsh,ALMA60,42.33570864,-87.98556289,
emergentMarsh,ALMA61,42.33511127,-87.98577548,
emergentMarsh,ALMA62,42.33516022,-87.98562421,
emergentMarsh,ALMA63,42.3352111,-87.98548984,
emergentMarsh,ALMA64,42.33497467,-87.98662433,
emergentMarsh,ALMA65,42.33494658,-87.98681038,
emergentMarsh,ALMA66,42.33494754,-87.98656003,
emergentMarsh,ALMA67,42.33493335,-87.98645693,
emergentMarsh,ALMA68,42.33490655,-87.98637076,
emergentMarsh,ALMA69,42.33521523,-87.98694907,
emergentMarsh,ALMA70,42.33540222,-87.98690219,
emergentMarsh,ALMA71,42.33570509,-87.98651065,
emergentMarsh,ALMA72,42.33587098,-87.9863695,
emergentMarsh,ALMA73,42.33608733,-87.98636383,
emergentMarsh,ALMA74,42.33610736,-87.98610574,
emergentMarsh,ALMA75,42.33609861,-87.9858398,
emergentMarsh,ALMA76,42.33614909,-87.98549734,
emergentMarsh,ALMA77,42.33631481,-87.98525094,
emergentMarsh,ALMA78,42.33665722,-87.98477738,
emergentMarsh,ALMA79,42.33725765,-87.98495556,
emergentMarsh,ALMA80,42.33719508,-87.98490144,
emergentMarsh,ALMA81,42.33762463,-87.98484594,
emergentMarsh,ALMA82,42.33749602,-87.98497369,
emergentMarsh,ALMA83,42.33828216,-87.98513664,
emergentMarsh,ALMA84,42.3383892,-87.98535191,
emergentMarsh,ALMA85,42.3385185,-87.98567447,
emergentMarsh,ALMA86,42.33883517,-87.98580452,
emergentMarsh,ALMA87,42.33902196,-87.98565309,
emergentMarsh,ALMA88,42.33928435,-87.98542709,
emergentMarsh,ALMA89,42.33948275,-87.98523066,
emergentMarsh,ALMA90,42.33967694,-87.98529487,
floatingAquaticVeg,CRLA01,42.49964906,-88.08877069,
floatingAquaticVeg,CRLA02,42.49964906,-88.08886542,
floatingAquaticVeg,CRLA03,42.49877825,-88.08943163,
floatingAquaticVeg,CRLA04,42.49913701,-88.08915737,
floatingAquaticVeg,CRLA05,42.49994019,-88.08788892,
floatingAquaticVeg,CRLA06,42.49994019,-88.08788892,
floatingAquaticVeg,CRLA07,42.50027018,-88.08740109,
floatingAquaticVeg,CRLA08,42.50030715,-88.08740718,
floatingAquaticVeg,CRLA09,42.49818497,-88.09074279,
floatingAquaticVeg,CRLA10,42.49818497,-88.09074279,
floatingAquaticVeg,CRLA11,42.49818497,-88.09074279,
floatingAquaticVeg,CRLA12,42.49818497,-88.09074279,
floatingAquaticVeg,CRLA13,42.49820836,-88.09075324,
floatingAquaticVeg,CRLA14,42.49820836,-88.09075324,
floatingAquaticVeg,CRLA15,42.49742681,-88.09065044,
floatingAquaticVeg,CRLA16,42.49742681,-88.09065044,
floatingAquaticVeg,CRLA17,42.49742681,-88.09065044,
floatingAquaticVeg,CRLA18,42.49742681,-88.09065044,
floatingAquaticVeg,CRLA19,42.49714393,-88.09045091,
floatingAquaticVeg,CRLA20,42.49714393,-88.09045091,
floatingAquaticVeg,CRLA21,42.49714393,-88.09045091,
floatingAquaticVeg,CRLA22,42.49616592,-88.08970729,
floatingAquaticVeg,CRLA23,42.49616592,-88.08970729,
floatingAquaticVeg,CRLA24,42.49486569,-88.083914,
floatingAquaticVeg,CRLA25,42.49757091,-88.08463857,
floatingAquaticVeg,CRLA26,42.49757091,-88.08463857,
floatingAquaticVeg,CRLA27,42.49757091,-88.08463857,
floatingAquaticVeg,CRLA28,42.49894427,-88.08492362,
floatingAquaticVeg,CRLA29,42.49894427,-88.08492362,
floatingAquaticVeg,CRLA30,42.5001915,-88.08646395,
floatingAquaticVeg,LOLA01,42.45603097,-88.08550758,
floatingAquaticVeg,LOLA02,42.45603097,-88.08550758,
floatingAquaticVeg,LOLA03,42.45564909,-88.08560561,
floatingAquaticVeg,LOLA04,42.45558543,-88.08415087,
floatingAquaticVeg,LOLA05,42.45558543,-88.08415087,
floatingAquaticVeg,LOLA06,42.45558543,-88.08415087,
floatingAquaticVeg,LOLA07,42.45535686,-88.08342547,
floatingAquaticVeg,LOLA08,42.45534418,-88.08341454,
floatingAquaticVeg,LOLA09,42.45534418,-88.08341454,
floatingAquaticVeg,LOLA10,42.45526959,-88.08328773,
floatingAquaticVeg,LOLA11,42.45516134,-88.08281292,
floatingAquaticVeg,LOLA12,42.45516134,-88.08281292,
floatingAquaticVeg,LOLA13,42.45506973,-88.08239008,
floatingAquaticVeg,LOLA14,42.45506973,-88.08239008,
floatingAquaticVeg,LOLA15,42.45494811,-88.08125629,
floatingAquaticVeg,LOLA16,42.45459234,-88.08988413,
floatingAquaticVeg,LOLA17,42.45459234,-88.08988413,
floatingAquaticVeg,LOLA18,42.45459234,-88.08988413,
floatingAquaticVeg,LOLA19,42.45459234,-88.08988413,
floatingAquaticVeg,LOLA20,42.45459234,-88.08988413,
floatingAquaticVeg,LOLA21,42.45459234,-88.08988413,
floatingAquaticVeg,LOLA22,42.45459234,-88.08988413,
floatingAquaticVeg,LOLA23,42.45459234,-88.08988413,
floatingAquaticVeg,LOLA24,42.45459234,-88.08988413,
floatingAquaticVeg,LOLA25,42.4524678,-88.08936514,
floatingAquaticVeg,LOLA26,42.4524678,-88.08936514,
floatingAquaticVeg,LOLA27,42.44856528,-88.08687473,
floatingAquaticVeg,LOLA28,42.44856528,-88.08687473,
floatingAquaticVeg,LOLA29,42.44856528,-88.08687473,
floatingAquaticVeg,LOLA30,42.44856528,-88.08687473,
floatingAquaticVeg,DELA01,42.42792826,-88.06377966,
floatingAquaticVeg,DELA02,42.42792826,-88.06377966,
floatingAquaticVeg,DELA03,42.42792826,-88.06377966,
floatingAquaticVeg,DELA04,42.42757001,-88.06367562,
floatingAquaticVeg,DELA05,42.42757001,-88.06367562,
floatingAquaticVeg,DELA06,42.42898827,-88.06452971,
floatingAquaticVeg,DELA07,42.42898827,-88.06452971,
floatingAquaticVeg,DELA08,42.42898827,-88.06452971,
floatingAquaticVeg,DELA09,42.42907651,-88.06497254,
floatingAquaticVeg,DELA10,42.42907651,-88.06497254,
floatingAquaticVeg,DELA11,42.42916263,-88.0654058,
floatingAquaticVeg,DELA12,42.42916263,-88.0654058,
floatingAquaticVeg,DELA13,42.42916263,-88.0654058,
floatingAquaticVeg,DELA14,42.42933509,-88.06765272,
floatingAquaticVeg,DELA15,42.42902504,-88.06879639,
floatingAquaticVeg,DELA16,42.42902504,-88.06879639,
floatingAquaticVeg,DELA17,42.42821381,-88.0712399,
floatingAquaticVeg,DELA18,42.42821381,-88.0712399,
floatingAquaticVeg,DELA19,42.42199102,-88.06173945,
floatingAquaticVeg,DELA20,42.42199102,-88.06173945,
floatingAquaticVeg,DELA21,42.42199102,-88.06173945,
floatingAquaticVeg,DELA22,42.42199102,-88.06173945,
floatingAquaticVeg,DELA23,42.42199102,-88.06173945,
floatingAquaticVeg,DELA24,42.42448834,-88.06376901,
floatingAquaticVeg,DELA25,42.42448834,-88.06376901,
floatingAquaticVeg,DELA26,42.42883609,-88.06441664,
floatingAquaticVeg,DELA27,42.42917172,-88.06861576,
floatingAquaticVeg,DELA28,42.42917172,-88.06861576,
floatingAquaticVeg,DELA29,42.42917172,-88.06861576,
floatingAquaticVeg,DELA30,42.42917172,-88.06861576,
floatingAquaticVeg,CELA01,42.4249055,-88.09113764,
floatingAquaticVeg,CELA02,42.4249055,-88.09113764,
floatingAquaticVeg,CELA03,42.42546444,-88.09078475,
floatingAquaticVeg,CELA04,42.42616049,-88.09263197,
floatingAquaticVeg,CELA05,42.42616049,-88.09263197,
floatingAquaticVeg,CELA06,42.42616049,-88.09263197,
floatingAquaticVeg,CELA07,42.42616289,-88.09212721,
floatingAquaticVeg,CELA08,42.42616289,-88.09212721,
floatingAquaticVeg,CELA09,42.42616289,-88.09212721,
floatingAquaticVeg,CELA10,42.42570017,-88.09086959,
floatingAquaticVeg,CELA11,42.42570017,-88.09086959,
floatingAquaticVeg,CELA12,42.42687491,-88.0840138,
floatingAquaticVeg,CELA13,42.42687491,-88.0840138,
floatingAquaticVeg,CELA14,42.41739877,-88.08905146,
floatingAquaticVeg,CELA15,42.42195724,-88.09601478,
floatingAquaticVeg,CELA16,42.42201161,-88.09592786,
floatingAquaticVeg,CELA17,42.42201161,-88.09592786,
floatingAquaticVeg,CELA18,42.4221071,-88.09681835,
floatingAquaticVeg,CELA19,42.4221071,-88.09681835,
floatingAquaticVeg,CELA20,42.4221071,-88.09681835,
floatingAquaticVeg,CELA21,42.42203117,-88.09591088,
floatingAquaticVeg,CELA22,42.4222055,-88.09641736,
floatingAquaticVeg,CELA23,42.42202958,-88.09801245,
floatingAquaticVeg,CELA24,42.42202958,-88.09801245,
floatingAquaticVeg,CELA25,42.4219461,-88.09790068,
floatingAquaticVeg,CELA26,42.4219461,-88.09790068,
floatingAquaticVeg,CELA27,42.4219461,-88.09790068,
floatingAquaticVeg,CELA28,42.4219461,-88.09790068,
floatingAquaticVeg,CELA29,42.42187412,-88.0991202,
floatingAquaticVeg,CELA30,42.42187412,-88.0991202,
floatingAquaticVeg,ALMA01,42.33510287,-87.98424936,
floatingAquaticVeg,ALMA02,42.33504633,-87.98439675,
floatingAquaticVeg,ALMA03,42.33504633,-87.98439675,
floatingAquaticVeg,ALMA04,42.33504633,-87.98439675,
floatingAquaticVeg,ALMA05,42.33504633,-87.98439675,
floatingAquaticVeg,ALMA06,42.33534671,-87.98566342,
floatingAquaticVeg,ALMA07,42.33534671,-87.98566342,
floatingAquaticVeg,ALMA08,42.33534671,-87.98566342,
floatingAquaticVeg,ALMA09,42.33534671,-87.98566342,
floatingAquaticVeg,ALMA10,42.33534671,-87.98566342,
floatingAquaticVeg,ALMA11,42.33534671,-87.98566342,
floatingAquaticVeg,ALMA12,42.33534671,-87.98566342,
floatingAquaticVeg,ALMA13,42.33534671,-87.98566342,
floatingAquaticVeg,ALMA14,42.33534671,-87.98566342,
floatingAquaticVeg,ALMA15,42.33597224,-87.9846052,
floatingAquaticVeg,ALMA16,42.33597224,-87.9846052,
floatingAquaticVeg,ALMA17,42.33580947,-87.98159717,
floatingAquaticVeg,ALMA18,42.33580947,-87.98159717,
floatingAquaticVeg,ALMA19,42.33646931,-87.98172601,
floatingAquaticVeg,ALMA20,42.33646931,-87.98172601,
floatingAquaticVeg,ALMA21,42.33634461,-87.98146298,
floatingAquaticVeg,ALMA22,42.33706812,-87.98102154,
floatingAquaticVeg,ALMA23,42.33706812,-87.98102154,
floatingAquaticVeg,ALMA24,42.33883712,-87.98252451,
floatingAquaticVeg,ALMA25,42.33899297,-87.98234888,
floatingAquaticVeg,ALMA26,42.33899297,-87.98234888,
floatingAquaticVeg,ALMA27,42.33899297,-87.98234888,
floatingAquaticVeg,ALMA28,42.33759551,-87.98228642,
floatingAquaticVeg,ALMA29,42.33709668,-87.98364895,
floatingAquaticVeg,ALMA30,42.33709668,-87.98364895,
floatingAquaticVeg,SAPO01,42.33381522,-88.01345757,
floatingAquaticVeg,SAPO02,42.33381522,-88.01345757,
floatingAquaticVeg,SAPO03,42.33381522,-88.01345757,
floatingAquaticVeg,SAPO04,42.33381522,-88.01345757,
floatingAquaticVeg,SAPO05,42.33381522,-88.01345757,
floatingAquaticVeg,SAPO06,42.33378895,-88.01346317,
floatingAquaticVeg,SAPO07,42.33378895,-88.01346317,
floatingAquaticVeg,SAPO08,42.3338468,-88.01344256,
floatingAquaticVeg,SAPO09,42.3338468,-88.01344256,
floatingAquaticVeg,SAPO10,42.33365769,-88.01347464,
floatingAquaticVeg,SAPO11,42.33342795,-88.01137214,
floatingAquaticVeg,SAPO12,42.33342795,-88.01137214,
floatingAquaticVeg,SAPO13,42.33342795,-88.01137214,
floatingAquaticVeg,SAPO14,42.33343842,-88.01205724,
floatingAquaticVeg,SAPO15,42.33343842,-88.01205724,
floatingAquaticVeg,SAPO16,42.33353447,-88.01262504,
floatingAquaticVeg,SAPO17,42.33353447,-88.01262504,
floatingAquaticVeg,SAPO18,42.33345174,-88.0109294,
floatingAquaticVeg,SAPO19,42.33345174,-88.0109294,
floatingAquaticVeg,SAPO20,42.33345883,-88.01077805,
floatingAquaticVeg,SAPO21,42.33345883,-88.01077805,
floatingAquaticVeg,SAPO22,42.33345883,-88.01077805,
floatingAquaticVeg,SAPO23,42.33345883,-88.01077805,
floatingAquaticVeg,SAPO24,42.33345883,-88.01077805,
floatingAquaticVeg,SAPO25,42.33337213,-88.01120648,
floatingAquaticVeg,SAPO26,42.33332865,-88.01089483,
floatingAquaticVeg,SAPO27,42.33332895,-88.01166617,
floatingAquaticVeg,SAPO28,42.33332895,-88.01166617,
floatingAquaticVeg,SAPO29,42.33352351,-88.01241851,
floatingAquaticVeg,SAPO30,42.33352351,-88.01241851,
floatingAquaticVeg,LELA01,42.33009302,-88.00955322,
floatingAquaticVeg,LELA02,42.33009302,-88.00955322,
floatingAquaticVeg,LELA03,42.33009302,-88.00955322,
floatingAquaticVeg,LELA04,42.33009302,-88.00955322,
floatingAquaticVeg,LELA05,42.33009302,-88.00955322,
floatingAquaticVeg,LELA06,42.33009302,-88.00955322,
floatingAquaticVeg,LELA07,42.32885526,-88.01129834,
floatingAquaticVeg,LELA08,42.32885526,-88.01129834,
floatingAquaticVeg,LELA09,42.32885526,-88.01129834,
floatingAquaticVeg,LELA10,42.32885526,-88.01129834,
floatingAquaticVeg,LELA11,42.32885526,-88.01129834,
floatingAquaticVeg,LELA12,42.32885526,-88.01129834,
floatingAquaticVeg,LELA13,42.32885526,-88.01129834,
floatingAquaticVeg,LELA14,42.32885526,-88.01129834,
floatingAquaticVeg,LELA15,42.3265286,-88.01168237,
floatingAquaticVeg,LELA16,42.3265286,-88.01168237,
floatingAquaticVeg,LELA17,42.3265286,-88.01168237,
floatingAquaticVeg,LELA18,42.3265286,-88.01168237,
floatingAquaticVeg,LELA19,42.3265286,-88.01168237,
floatingAquaticVeg,LELA20,42.3265286,-88.01168237,
floatingAquaticVeg,LELA21,42.3265286,-88.01168237,
floatingAquaticVeg,LELA22,42.3265286,-88.01168237,
floatingAquaticVeg,LELA23,42.32627223,-88.00961294,
floatingAquaticVeg,LELA24,42.32627223,-88.00961294,
floatingAquaticVeg,LELA25,42.32627223,-88.00961294,
floatingAquaticVeg,LELA26,42.32848126,-88.0112304,
floatingAquaticVeg,LELA27,42.32848126,-88.0112304,
floatingAquaticVeg,LELA28,42.32756328,-88.01051074,
floatingAquaticVeg,LELA29,42.32756328,-88.01051074,
floatingAquaticVeg,LELA30,42.32924211,-88.01004836,
floatingAquaticVeg,BALA01,42.26875705,-88.13348717,
floatingAquaticVeg,BALA02,42.26875705,-88.13348717,
floatingAquaticVeg,BALA03,42.26875705,-88.13348717,
floatingAquaticVeg,BALA04,42.26875705,-88.13348717,
floatingAquaticVeg,BALA05,42.26875705,-88.13348717,
floatingAquaticVeg,BALA06,42.26875705,-88.13348717,
floatingAquaticVeg,BALA07,42.26729944,-88.13928185,
floatingAquaticVeg,BALA08,42.26729944,-88.13928185,
floatingAquaticVeg,BALA09,42.26729944,-88.13928185,
floatingAquaticVeg,BALA10,42.26729944,-88.13928185,
floatingAquaticVeg,BALA11,42.26729944,-88.13928185,
floatingAquaticVeg,BALA12,42.26386792,-88.12931812,
floatingAquaticVeg,BALA13,42.26386792,-88.12931812,
floatingAquaticVeg,BALA14,42.26386792,-88.12931812,
floatingAquaticVeg,BALA15,42.26600169,-88.12870962,
floatingAquaticVeg,BALA16,42.26600169,-88.12870962,
floatingAquaticVeg,BALA17,42.26600169,-88.12870962,
floatingAquaticVeg,BALA18,42.26600169,-88.12870962,
floatingAquaticVeg,BALA19,42.26600169,-88.12870962,
floatingAquaticVeg,BALA20,42.27252823,-88.13034057,
floatingAquaticVeg,BALA21,42.27252823,-88.13034057,
floatingAquaticVeg,BALA22,42.27252823,-88.13034057,
floatingAquaticVeg,BALA23,42.27252823,-88.13034057,
floatingAquaticVeg,BALA24,42.27252823,-88.13034057,
floatingAquaticVeg,BALA25,42.27344624,-88.12988689,
floatingAquaticVeg,BALA26,42.27344624,-88.12988689,
floatingAquaticVeg,BALA27,42.27344624,-88.12988689,
floatingAquaticVeg,BALA28,42.27344624,-88.12988689,
floatingAquaticVeg,BALA29,42.27344624,-88.12988689,
floatingAquaticVeg,BALA30,42.27257796,-88.12981439,
imperviousSurfaces,CRLA01,42.4985958,-88.0903084,
imperviousSurfaces,CRLA02,42.49866937,-88.09050462,
imperviousSurfaces,CRLA03,42.49866937,-88.09050462,
imperviousSurfaces,CRLA04,42.49866937,-88.09050462,
imperviousSurfaces,CRLA05,42.49879371,-88.09032134,
imperviousSurfaces,CRLA06,42.49852741,-88.09104354,
imperviousSurfaces,CRLA07,42.49852741,-88.09104354,
imperviousSurfaces,CRLA08,42.49852741,-88.09104354,
imperviousSurfaces,CRLA09,42.49852741,-88.09104354,
imperviousSurfaces,CRLA10,42.49852741,-88.09104354,
imperviousSurfaces,CRLA11,42.49853041,-88.09089512,
imperviousSurfaces,CRLA12,42.498766,-88.09083819,
imperviousSurfaces,CRLA13,42.49892669,-88.09068982,
imperviousSurfaces,CRLA14,42.49892669,-88.09068982,
imperviousSurfaces,CRLA15,42.49892669,-88.09068982,
imperviousSurfaces,CRLA16,42.49999778,-88.08918244,
imperviousSurfaces,CRLA17,42.49999778,-88.08918244,
imperviousSurfaces,CRLA18,42.49999778,-88.08918244,
imperviousSurfaces,CRLA19,42.49999778,-88.08918244,
imperviousSurfaces,CRLA20,42.49999778,-88.08918244,
imperviousSurfaces,CRLA21,42.49913794,-88.08989375,
imperviousSurfaces,CRLA22,42.49913794,-88.08989375,
imperviousSurfaces,CRLA23,42.49913794,-88.08989375,
imperviousSurfaces,CRLA24,42.49913794,-88.08989375,
imperviousSurfaces,CRLA25,42.49913794,-88.08989375,
imperviousSurfaces,CRLA26,42.49561486,-88.0898602,
imperviousSurfaces,CRLA27,42.49561486,-88.0898602,
imperviousSurfaces,CRLA28,42.49561486,-88.0898602,
imperviousSurfaces,CRLA29,42.49561486,-88.0898602,
imperviousSurfaces,CRLA30,42.49559761,-88.09026922,
imperviousSurfaces,LOLA01,42.44858885,-88.08490608,
imperviousSurfaces,LOLA02,42.44858885,-88.08490608,
imperviousSurfaces,LOLA03,42.44858885,-88.08490608,
imperviousSurfaces,LOLA04,42.44858885,-88.08490608,
imperviousSurfaces,LOLA05,42.44858885,-88.08490608,
imperviousSurfaces,LOLA06,42.44858885,-88.08490608,
imperviousSurfaces,LOLA07,42.44858885,-88.08490608,
imperviousSurfaces,LOLA08,42.44830474,-88.08423072,
imperviousSurfaces,LOLA09,42.44830474,-88.08423072,
imperviousSurfaces,LOLA10,42.44932413,-88.0838127,
imperviousSurfaces,LOLA11,42.44932413,-88.0838127,
imperviousSurfaces,LOLA12,42.44932413,-88.0838127,
imperviousSurfaces,LOLA13,42.44932413,-88.0838127,
imperviousSurfaces,LOLA14,42.44957589,-88.08336131,
imperviousSurfaces,LOLA15,42.44957589,-88.08336131,
imperviousSurfaces,LOLA16,42.44990279,-88.08226283,
imperviousSurfaces,LOLA17,42.44990279,-88.08226283,
imperviousSurfaces,LOLA18,42.44990279,-88.08226283,
imperviousSurfaces,LOLA19,42.44990279,-88.08226283,
imperviousSurfaces,LOLA20,42.44990279,-88.08226283,
imperviousSurfaces,LOLA21,42.45007434,-88.08170754,
imperviousSurfaces,LOLA22,42.4495324,-88.08193058,
imperviousSurfaces,LOLA23,42.45184469,-88.07753306,
imperviousSurfaces,LOLA24,42.45184469,-88.07753306,
imperviousSurfaces,LOLA25,42.45184469,-88.07753306,
imperviousSurfaces,LOLA26,42.45184469,-88.07753306,
imperviousSurfaces,LOLA27,42.45184469,-88.07753306,
imperviousSurfaces,LOLA28,42.45184469,-88.07753306,
imperviousSurfaces,LOLA29,42.45263905,-88.07763671,
imperviousSurfaces,LOLA30,42.45263905,-88.07763671,
imperviousSurfaces,DELA01,42.41592004,-88.06454985,
imperviousSurfaces,DELA02,42.41592004,-88.06454985,
imperviousSurfaces,DELA03,42.41592004,-88.06454985,
imperviousSurfaces,DELA04,42.41592004,-88.06454985,
imperviousSurfaces,DELA05,42.41592004,-88.06454985,
imperviousSurfaces,DELA06,42.41592004,-88.06454985,
imperviousSurfaces,DELA07,42.41592004,-88.06454985,
imperviousSurfaces,DELA08,42.41653465,-88.06213883,
imperviousSurfaces,DELA09,42.41653465,-88.06213883,
imperviousSurfaces,DELA10,42.41653465,-88.06213883,
imperviousSurfaces,DELA11,42.41805823,-88.06214945,
imperviousSurfaces,DELA12,42.41805823,-88.06214945,
imperviousSurfaces,DELA13,42.41805823,-88.06214945,
imperviousSurfaces,DELA14,42.41805823,-88.06214945,
imperviousSurfaces,DELA15,42.41820819,-88.06155667,
imperviousSurfaces,DELA16,42.41805578,-88.06247581,
imperviousSurfaces,DELA17,42.4175911,-88.06143347,
imperviousSurfaces,DELA18,42.4175911,-88.06143347,
imperviousSurfaces,DELA19,42.4172518,-88.06045774,
imperviousSurfaces,DELA20,42.4172518,-88.06045774,
imperviousSurfaces,DELA21,42.42456531,-88.0630713,
imperviousSurfaces,DELA22,42.42456531,-88.0630713,
imperviousSurfaces,DELA23,42.42491517,-88.06319017,
imperviousSurfaces,DELA24,42.42489184,-88.06305776,
imperviousSurfaces,DELA25,42.42494959,-88.06365058,
imperviousSurfaces,DELA26,42.42494959,-88.06365058,
imperviousSurfaces,DELA27,42.42494959,-88.06365058,
imperviousSurfaces,DELA28,42.42491739,-88.06295695,
imperviousSurfaces,DELA29,42.42451312,-88.06247246,
imperviousSurfaces,DELA30,42.42461641,-88.06231598,
imperviousSurfaces,CELA01,42.41919486,-88.08126738,
imperviousSurfaces,CELA02,42.41919486,-88.08126738,
imperviousSurfaces,CELA03,42.41919486,-88.08126738,
imperviousSurfaces,CELA04,42.41919486,-88.08126738,
imperviousSurfaces,CELA05,42.41881143,-88.08103477,
imperviousSurfaces,CELA06,42.41881143,-88.08103477,
imperviousSurfaces,CELA07,42.41817058,-88.08134206,
imperviousSurfaces,CELA08,42.4195534,-88.08002132,
imperviousSurfaces,CELA09,42.4195534,-88.08002132,
imperviousSurfaces,CELA10,42.41863007,-88.08043364,
imperviousSurfaces,CELA11,42.41844359,-88.08656928,
imperviousSurfaces,CELA12,42.41844359,-88.08656928,
imperviousSurfaces,CELA13,42.41597645,-88.08933354,
imperviousSurfaces,CELA14,42.41597645,-88.08933354,
imperviousSurfaces,CELA15,42.41597645,-88.08933354,
imperviousSurfaces,CELA16,42.41597645,-88.08933354,
imperviousSurfaces,CELA17,42.41597645,-88.08933354,
imperviousSurfaces,CELA18,42.41567453,-88.0902487,
imperviousSurfaces,CELA19,42.41587232,-88.09028443,
imperviousSurfaces,CELA20,42.41508376,-88.09123415,
imperviousSurfaces,CELA21,42.41552427,-88.09280319,
imperviousSurfaces,CELA22,42.41552427,-88.09280319,
imperviousSurfaces,CELA23,42.41567593,-88.09432417,
imperviousSurfaces,CELA24,42.41567593,-88.09432417,
imperviousSurfaces,CELA25,42.41567593,-88.09432417,
imperviousSurfaces,CELA26,42.41567593,-88.09432417,
imperviousSurfaces,CELA27,42.41589817,-88.09427005,
imperviousSurfaces,CELA28,42.41585092,-88.09538489,
imperviousSurfaces,CELA29,42.41585092,-88.09538489,
imperviousSurfaces,CELA30,42.41679319,-88.09558232,
imperviousSurfaces,ALMA01,42.3351668,-87.98175056,
imperviousSurfaces,ALMA02,42.3351668,-87.98175056,
imperviousSurfaces,ALMA03,42.3351668,-87.98175056,
imperviousSurfaces,ALMA04,42.3351668,-87.98175056,
imperviousSurfaces,ALMA05,42.33541657,-87.98161349,
imperviousSurfaces,ALMA06,42.33517693,-87.98070119,
imperviousSurfaces,ALMA07,42.33517693,-87.98070119,
imperviousSurfaces,ALMA08,42.33552121,-87.97899453,
imperviousSurfaces,ALMA09,42.33552121,-87.97899453,
imperviousSurfaces,ALMA10,42.33552121,-87.97899453,
imperviousSurfaces,ALMA11,42.33552121,-87.97899453,
imperviousSurfaces,ALMA12,42.33552121,-87.97899453,
imperviousSurfaces,ALMA13,42.33552121,-87.97899453,
imperviousSurfaces,ALMA14,42.33469233,-87.97929987,
imperviousSurfaces,ALMA15,42.33469233,-87.97929987,
imperviousSurfaces,ALMA16,42.33509471,-87.97806459,
imperviousSurfaces,ALMA17,42.33679856,-87.97797195,
imperviousSurfaces,ALMA18,42.33679856,-87.97797195,
imperviousSurfaces,ALMA19,42.3357177,-87.97835252,
imperviousSurfaces,ALMA20,42.33518235,-87.97838472,
imperviousSurfaces,ALMA21,42.33285014,-87.97824561,
imperviousSurfaces,ALMA22,42.33285014,-87.97824561,
imperviousSurfaces,ALMA23,42.33285014,-87.97824561,
imperviousSurfaces,ALMA24,42.33339232,-87.97826714,
imperviousSurfaces,ALMA25,42.33370121,-87.97821629,
imperviousSurfaces,ALMA26,42.33809468,-87.97847731,
imperviousSurfaces,ALMA27,42.33856912,-87.97841565,
imperviousSurfaces,ALMA28,42.33879465,-87.97845753,
imperviousSurfaces,ALMA29,42.33923391,-87.97827403,
imperviousSurfaces,ALMA30,42.33974166,-87.97831672,
imperviousSurfaces,SAPO01,42.33415307,-88.01269419,
imperviousSurfaces,SAPO02,42.33415307,-88.01269419,
imperviousSurfaces,SAPO03,42.33415307,-88.01269419,
imperviousSurfaces,SAPO04,42.33415307,-88.01269419,
imperviousSurfaces,SAPO05,42.33432089,-88.0125369,
imperviousSurfaces,SAPO06,42.33432089,-88.0125369,
imperviousSurfaces,SAPO07,42.33416146,-88.01265851,
imperviousSurfaces,SAPO08,42.33416146,-88.01265851,
imperviousSurfaces,SAPO09,42.33416146,-88.01265851,
imperviousSurfaces,SAPO10,42.33416146,-88.01265851,
imperviousSurfaces,SAPO11,42.33416146,-88.01265851,
imperviousSurfaces,SAPO12,42.33419982,-88.01280769,
imperviousSurfaces,SAPO13,42.33419982,-88.01280769,
imperviousSurfaces,SAPO14,42.33419982,-88.01280769,
imperviousSurfaces,SAPO15,42.33419982,-88.01280769,
imperviousSurfaces,SAPO16,42.33436404,-88.01296822,
imperviousSurfaces,SAPO17,42.33325885,-88.01328603,
imperviousSurfaces,SAPO18,42.33334861,-88.01300227,
imperviousSurfaces,SAPO19,42.33334861,-88.01300227,
imperviousSurfaces,SAPO20,42.33334861,-88.01300227,
imperviousSurfaces,SAPO21,42.33334861,-88.01300227,
imperviousSurfaces,SAPO22,42.33315682,-88.01161264,
imperviousSurfaces,SAPO23,42.33315682,-88.01161264,
imperviousSurfaces,SAPO24,42.33307051,-88.01116349,
imperviousSurfaces,SAPO25,42.33307051,-88.01116349,
imperviousSurfaces,SAPO26,42.33329825,-88.01048407,
imperviousSurfaces,SAPO27,42.33371419,-88.01009003,
imperviousSurfaces,SAPO28,42.33377893,-88.0108716,
imperviousSurfaces,SAPO29,42.33404624,-88.01104996,
imperviousSurfaces,SAPO30,42.33431594,-88.01104996,
imperviousSurfaces,LELA01,42.32784477,-88.00977037,
imperviousSurfaces,LELA02,42.32784477,-88.00977037,
imperviousSurfaces,LELA03,42.32784477,-88.00977037,
imperviousSurfaces,LELA04,42.32784477,-88.00977037,
imperviousSurfaces,LELA05,42.32784477,-88.00977037,
imperviousSurfaces,LELA06,42.32742868,-88.00939539,
imperviousSurfaces,LELA07,42.32770475,-88.00918847,
imperviousSurfaces,LELA08,42.32770475,-88.00918847,
imperviousSurfaces,LELA09,42.32770475,-88.00918847,
imperviousSurfaces,LELA10,42.32770475,-88.00918847,
imperviousSurfaces,LELA11,42.32770879,-88.00952855,
imperviousSurfaces,LELA12,42.32766343,-88.00930312,
imperviousSurfaces,LELA13,42.32766343,-88.00930312,
imperviousSurfaces,LELA14,42.32766343,-88.00930312,
imperviousSurfaces,LELA15,42.3276141,-88.0086333,
imperviousSurfaces,LELA16,42.32783978,-88.0093109,
imperviousSurfaces,LELA17,42.32783978,-88.0093109,
imperviousSurfaces,LELA18,42.32789298,-88.00922142,
imperviousSurfaces,LELA19,42.32789298,-88.00922142,
imperviousSurfaces,LELA20,42.32789298,-88.00922142,
imperviousSurfaces,LELA21,42.32992552,-88.01140586,
imperviousSurfaces,LELA22,42.32992552,-88.01140586,
imperviousSurfaces,LELA23,42.32992552,-88.01140586,
imperviousSurfaces,LELA24,42.32992552,-88.01140586,
imperviousSurfaces,LELA25,42.32992552,-88.01140586,
imperviousSurfaces,LELA26,42.32996807,-88.01071539,
imperviousSurfaces,LELA27,42.32996807,-88.01071539,
imperviousSurfaces,LELA28,42.32996807,-88.01071539,
imperviousSurfaces,LELA29,42.32996807,-88.01071539,
imperviousSurfaces,LELA30,42.32996807,-88.01071539,
imperviousSurfaces,BALA01,42.26144546,-88.14091616,
imperviousSurfaces,BALA02,42.26144546,-88.14091616,
imperviousSurfaces,BALA03,42.26144546,-88.14091616,
imperviousSurfaces,BALA04,42.26144546,-88.14091616,
imperviousSurfaces,BALA05,42.26144546,-88.14091616,
imperviousSurfaces,BALA06,42.26144546,-88.14091616,
imperviousSurfaces,BALA07,42.26144546,-88.14091616,
imperviousSurfaces,BALA08,42.26144546,-88.14091616,
imperviousSurfaces,BALA09,42.26144546,-88.14091616,
imperviousSurfaces,BALA10,42.2613512,-88.14022309,
imperviousSurfaces,BALA11,42.26056081,-88.13931904,
imperviousSurfaces,BALA12,42.26056081,-88.13931904,
imperviousSurfaces,BALA13,42.26056081,-88.13931904,
imperviousSurfaces,BALA14,42.26056081,-88.13931904,
imperviousSurfaces,BALA15,42.26059571,-88.13912979,
imperviousSurfaces,BALA16,42.26059571,-88.13912979,
imperviousSurfaces,BALA17,42.26063173,-88.1385612,
imperviousSurfaces,BALA18,42.26067287,-88.13835116,
imperviousSurfaces,BALA19,42.261685,-88.14231647,
imperviousSurfaces,BALA20,42.26130032,-88.14258313,
imperviousSurfaces,BALA21,42.26130032,-88.14258313,
imperviousSurfaces,BALA22,42.26130032,-88.14258313,
imperviousSurfaces,BALA23,42.26137474,-88.14259918,
imperviousSurfaces,BALA24,42.26270862,-88.14359756,
imperviousSurfaces,BALA25,42.26270862,-88.14359756,
imperviousSurfaces,BALA26,42.26270862,-88.14359756,
imperviousSurfaces,BALA27,42.26333158,-88.14344735,
imperviousSurfaces,BALA28,42.26333158,-88.14344735,
imperviousSurfaces,BALA29,42.26321866,-88.14384833,
imperviousSurfaces,BALA30,42.26321866,-88.14384833,
openWater,CRLA01,42.49606544,-88.08834241,
openWater,CRLA02,42.49606544,-88.08834241,
openWater,CRLA03,42.49606544,-88.08834241,
openWater,CRLA04,42.49606544,-88.08834241,
openWater,CRLA05,42.49606544,-88.08834241,
openWater,CRLA06,42.49606544,-88.08834241,
openWater,CRLA07,42.49606544,-88.08834241,
openWater,CRLA08,42.49606544,-88.08834241,
openWater,CRLA09,42.49606544,-88.08834241,
openWater,CRLA10,42.49606544,-88.08834241,
openWater,CRLA11,42.49606544,-88.08834241,
openWater,CRLA12,42.49606544,-88.08834241,
openWater,CRLA13,42.49606544,-88.08834241,
openWater,CRLA14,42.49606544,-88.08834241,
openWater,CRLA15,42.49606544,-88.08834241,
openWater,CRLA16,42.49606544,-88.08834241,
openWater,CRLA17,42.49606544,-88.08834241,
openWater,CRLA18,42.49606544,-88.08834241,
openWater,CRLA19,42.49606544,-88.08834241,
openWater,CRLA20,42.49606544,-88.08834241,
openWater,CRLA21,42.49606544,-88.08834241,
openWater,CRLA22,42.49606544,-88.08834241,
openWater,CRLA23,42.49606544,-88.08834241,
openWater,CRLA24,42.49606544,-88.08834241,
openWater,CRLA25,42.49661751,-88.08623617,
openWater,CRLA26,42.49661751,-88.08623617,
openWater,CRLA27,42.49661751,-88.08623617,
openWater,CRLA28,42.49661751,-88.08623617,
openWater,CRLA29,42.49611048,-88.08479794,
openWater,CRLA30,42.49802666,-88.08741944,
openWater,LOLA01,42.45238655,-88.08465951,
openWater,LOLA02,42.45238655,-88.08465951,
openWater,LOLA03,42.45238655,-88.08465951,
openWater,LOLA04,42.45211501,-88.08443641,
openWater,LOLA05,42.45211501,-88.08443641,
openWater,LOLA06,42.45239814,-88.08336411,
openWater,LOLA07,42.45239814,-88.08336411,
openWater,LOLA08,42.45239814,-88.08336411,
openWater,LOLA09,42.45239814,-88.08336411,
openWater,LOLA10,42.45239814,-88.08336411,
openWater,LOLA11,42.45239814,-88.08336411,
openWater,LOLA12,42.45239814,-88.08336411,
openWater,LOLA13,42.45239814,-88.08336411,
openWater,LOLA14,42.45239814,-88.08336411,
openWater,LOLA15,42.45239814,-88.08336411,
openWater,LOLA16,42.45239814,-88.08336411,
openWater,LOLA17,42.45202034,-88.08355566,
openWater,LOLA18,42.45314038,-88.08489735,
openWater,LOLA19,42.45314038,-88.08489735,
openWater,LOLA20,42.45314038,-88.08489735,
openWater,LOLA21,42.45314038,-88.08489735,
openWater,LOLA22,42.45314038,-88.08489735,
openWater,LOLA23,42.45078125,-88.08544677,
openWater,LOLA24,42.45078125,-88.08544677,
openWater,LOLA25,42.45078125,-88.08544677,
openWater,LOLA26,42.45078125,-88.08544677,
openWater,LOLA27,42.45078125,-88.08544677,
openWater,LOLA28,42.45078125,-88.08544677,
openWater,LOLA29,42.45078125,-88.08544677,
openWater,LOLA30,42.45078125,-88.08544677,
openWater,DELA01,42.42133525,-88.06722402,
openWater,DELA02,42.42133525,-88.06722402,
openWater,DELA03,42.42133525,-88.06722402,
openWater,DELA04,42.42133525,-88.06722402,
openWater,DELA05,42.42133525,-88.06722402,
openWater,DELA06,42.42133525,-88.06722402,
openWater,DELA07,42.42133525,-88.06722402,
openWater,DELA08,42.42133525,-88.06722402,
openWater,DELA09,42.42133525,-88.06722402,
openWater,DELA10,42.42133525,-88.06722402,
openWater,DELA11,42.42133525,-88.06722402,
openWater,DELA12,42.42133525,-88.06722402,
openWater,DELA13,42.42133525,-88.06722402,
openWater,DELA14,42.42133525,-88.06722402,
openWater,DELA15,42.42133525,-88.06722402,
openWater,DELA16,42.4236752,-88.06839937,
openWater,DELA17,42.4236752,-88.06839937,
openWater,DELA18,42.42658074,-88.06741009,
openWater,DELA19,42.42658074,-88.06741009,
openWater,DELA20,42.42658074,-88.06741009,
openWater,DELA21,42.42359426,-88.06446206,
openWater,DELA22,42.42462483,-88.06537182,
openWater,DELA23,42.42462483,-88.06537182,
openWater,DELA24,42.42067454,-88.06676175,
openWater,DELA25,42.42067454,-88.06676175,
openWater,DELA26,42.41870049,-88.06454605,
openWater,DELA27,42.41870049,-88.06454605,
openWater,DELA28,42.41870049,-88.06454605,
openWater,DELA29,42.41963067,-88.06985121,
openWater,DELA30,42.41963067,-88.06985121,
openWater,CELA01,42.42095853,-88.08473585,
openWater,CELA02,42.4199848,-88.08534916,
openWater,CELA03,42.4199848,-88.08534916,
openWater,CELA04,42.4199848,-88.08534916,
openWater,CELA05,42.4199848,-88.08534916,
openWater,CELA06,42.4199848,-88.08534916,
openWater,CELA07,42.4199848,-88.08534916,
openWater,CELA08,42.42063119,-88.08251072,
openWater,CELA09,42.42063119,-88.08251072,
openWater,CELA10,42.42063119,-88.08251072,
openWater,CELA11,42.4201771,-88.08252082,
openWater,CELA12,42.4201771,-88.08252082,
openWater,CELA13,42.4201771,-88.08252082,
openWater,CELA14,42.4201771,-88.08252082,
openWater,CELA15,42.42169843,-88.08404044,
openWater,CELA16,42.42261426,-88.09855058,
openWater,CELA17,42.42261426,-88.09855058,
openWater,CELA18,42.42261426,-88.09855058,
openWater,CELA19,42.42261426,-88.09855058,
openWater,CELA20,42.42261426,-88.09855058,
openWater,CELA21,42.42261426,-88.09855058,
openWater,CELA22,42.42261426,-88.09855058,
openWater,CELA23,42.42261426,-88.09855058,
openWater,CELA24,42.42193501,-88.09844847,
openWater,CELA25,42.42193501,-88.09844847,
openWater,CELA26,42.42193501,-88.09844847,
openWater,CELA27,42.42193501,-88.09844847,
openWater,CELA28,42.42193501,-88.09844847,
openWater,CELA29,42.42193501,-88.09844847,
openWater,CELA30,42.42258737,-88.09579795,
openWater,ALMA01,42.33686141,-87.98354656,
openWater,ALMA02,42.33706187,-87.98361164,
openWater,ALMA03,42.33706187,-87.98361164,
openWater,ALMA04,42.3369892,-87.98405747,
openWater,ALMA05,42.3369892,-87.98405747,
openWater,ALMA06,42.3369892,-87.98405747,
openWater,ALMA07,42.3369892,-87.98405747,
openWater,ALMA08,42.3369892,-87.98405747,
openWater,ALMA09,42.3369892,-87.98405747,
openWater,ALMA10,42.33638035,-87.98455985,
openWater,ALMA11,42.33638035,-87.98455985,
openWater,ALMA12,42.33638035,-87.98455985,
openWater,ALMA13,42.33638035,-87.98455985,
openWater,ALMA14,42.33548595,-87.98434186,
openWater,ALMA15,42.33548595,-87.98434186,
openWater,ALMA16,42.33548595,-87.98434186,
openWater,ALMA17,42.33548595,-87.98434186,
openWater,ALMA18,42.33592844,-87.98106167,
openWater,ALMA19,42.33592844,-87.98106167,
openWater,ALMA20,42.33592844,-87.98106167,
openWater,ALMA21,42.33592844,-87.98106167,
openWater,ALMA22,42.3366512,-87.98033638,
openWater,ALMA23,42.3366512,-87.98033638,
openWater,ALMA24,42.3366512,-87.98033638,
openWater,ALMA25,42.33665406,-87.98193156,
openWater,ALMA26,42.33665406,-87.98193156,
openWater,ALMA27,42.33665406,-87.98193156,
openWater,ALMA28,42.33675438,-87.98187713,
openWater,ALMA29,42.33675438,-87.98187713,
openWater,ALMA30,42.33713887,-87.98302537,
openWater,LELA01,42.32796356,-88.01040523,
openWater,LELA02,42.32796356,-88.01040523,
openWater,LELA03,42.32796356,-88.01040523,
openWater,LELA04,42.32796356,-88.01040523,
openWater,LELA05,42.32796356,-88.01040523,
openWater,LELA06,42.32796356,-88.01040523,
openWater,LELA07,42.32796356,-88.01040523,
openWater,LELA08,42.32796356,-88.01040523,
openWater,LELA09,42.32796356,-88.01040523,
openWater,LELA10,42.32796356,-88.01040523,
openWater,LELA11,42.32796356,-88.01040523,
openWater,LELA12,42.32796356,-88.01040523,
openWater,LELA13,42.32796356,-88.01040523,
openWater,LELA14,42.32796356,-88.01040523,
openWater,LELA15,42.32796356,-88.01040523,
openWater,LELA16,42.32796356,-88.01040523,
openWater,LELA17,42.32796356,-88.01040523,
openWater,LELA18,42.32796356,-88.01040523,
openWater,LELA19,42.32796356,-88.01040523,
openWater,LELA20,42.32796356,-88.01040523,
openWater,LELA21,42.32796356,-88.01040523,
openWater,LELA22,42.32689482,-88.01093656,
openWater,LELA23,42.32689482,-88.01093656,
openWater,LELA24,42.32689482,-88.01093656,
openWater,LELA25,42.32689482,-88.01093656,
openWater,LELA26,42.32689482,-88.01093656,
openWater,LELA27,42.32689482,-88.01093656,
openWater,LELA28,42.32689482,-88.01093656,
openWater,LELA29,42.32689482,-88.01093656,
openWater,LELA30,42.32689482,-88.01093656,
openWater,BALA01,42.26596129,-88.13515899,
openWater,BALA02,42.26596129,-88.13515899,
openWater,BALA03,42.26596129,-88.13515899,
openWater,BALA04,42.26596129,-88.13515899,
openWater,BALA05,42.26596129,-88.13515899,
openWater,BALA06,42.26596129,-88.13515899,
openWater,BALA07,42.26596129,-88.13515899,
openWater,BALA08,42.26596129,-88.13515899,
openWater,BALA09,42.26596129,-88.13515899,
openWater,BALA10,42.26596129,-88.13515899,
openWater,BALA11,42.26596129,-88.13515899,
openWater,BALA12,42.26596129,-88.13515899,
openWater,BALA13,42.26596129,-88.13515899,
openWater,BALA14,42.26596129,-88.13515899,
openWater,BALA15,42.26596129,-88.13515899,
openWater,BALA16,42.26596129,-88.13515899,
openWater,BALA17,42.26596129,-88.13515899,
openWater,BALA18,42.26596129,-88.13515899,
openWater,BALA19,42.26596129,-88.13515899,
openWater,BALA20,42.26610422,-88.13088145,
openWater,BALA21,42.26610422,-88.13088145,
openWater,BALA22,42.26610422,-88.13088145,
openWater,BALA23,42.26610422,-88.13088145,
openWater,BALA24,42.26610422,-88.13088145,
openWater,BALA25,42.26610422,-88.13088145,
openWater,BALA26,42.2664276,-88.13052726,
openWater,BALA27,42.2664276,-88.13052726,
openWater,BALA28,42.2664276,-88.13052726,
openWater,BALA29,42.2664276,-88.13052726,
openWater,BALA30,42.2664276,-88.13052726,
openWater,SAPO01,42.33376088,-88.01351103,
openWater,SAPO02,42.33376088,-88.01351103,
openWater,SAPO03,42.33379887,-88.01359498,
openWater,SAPO04,42.33379887,-88.01359498,
openWater,SAPO05,42.33379887,-88.01359498,
openWater,SAPO06,42.33379887,-88.01359498,
openWater,SAPO07,42.33379887,-88.01359498,
openWater,SAPO08,42.33378475,-88.01349869,
openWater,SAPO09,42.33378475,-88.01349869,
openWater,SAPO10,42.33378475,-88.01349869,
openWater,SAPO11,42.33378475,-88.01349869,
openWater,SAPO12,42.33378475,-88.01349869,
openWater,SAPO13,42.33387215,-88.01354989,
openWater,SAPO14,42.33387215,-88.01354989,
openWater,SAPO15,42.33371567,-88.01328092,
openWater,SAPO16,42.33371567,-88.01328092,
openWater,SAPO17,42.33371567,-88.01328092,
openWater,SAPO18,42.33371567,-88.01328092,
openWater,SAPO19,42.33373129,-88.01343612,
openWater,SAPO20,42.33373129,-88.01343612,
openWater,SAPO21,42.33373129,-88.01350601,
openWater,SAPO22,42.33373129,-88.01350601,
openWater,SAPO23,42.33373129,-88.01350601,
openWater,SAPO24,42.33367693,-88.01326792,
openWater,SAPO25,42.33367693,-88.01326792,
openWater,SAPO26,42.33367693,-88.01326792,
openWater,SAPO27,42.3338268,-88.01367746,
openWater,SAPO28,42.3338268,-88.01367746,
openWater,SAPO29,42.33385864,-88.01356776,
openWater,SAPO30,42.33372318,-88.01351373,
shoreline,CRLA01,42.49565537,-88.08978658,
shoreline,CRLA02,42.49565537,-88.08978658,
shoreline,CRLA03,42.49565537,-88.08978658,
shoreline,CRLA04,42.49565537,-88.08978658,
shoreline,CRLA05,42.4949649,-88.08946741,
shoreline,CRLA06,42.4949649,-88.08946741,
shoreline,CRLA07,42.4949649,-88.08946741,
shoreline,CRLA08,42.4949649,-88.08946741,
shoreline,CRLA09,42.4949649,-88.08946741,
shoreline,CRLA10,42.4949649,-88.08946741,
shoreline,CRLA11,42.49472065,-88.08963718,
shoreline,CRLA12,42.49472065,-88.08963718,
shoreline,CRLA13,42.49472065,-88.08963718,
shoreline,CRLA14,42.49472065,-88.08963718,
shoreline,CRLA15,42.49510889,-88.08981618,
shoreline,CRLA16,42.49510889,-88.08981618,
shoreline,CRLA17,42.49574228,-88.08990738,
shoreline,CRLA18,42.49574228,-88.08990738,
shoreline,CRLA19,42.49574228,-88.08990738,
shoreline,CRLA20,42.49877915,-88.09049442,
shoreline,CRLA21,42.49877915,-88.09049442,
shoreline,CRLA22,42.49877915,-88.09049442,
shoreline,CRLA23,42.49877915,-88.09049442,
shoreline,CRLA24,42.49892082,-88.09031611,
shoreline,CRLA25,42.49892082,-88.09031611,
shoreline,CRLA26,42.49987227,-88.08883985,
shoreline,CRLA27,42.49987227,-88.08883985,
shoreline,CRLA28,42.49987227,-88.08883985,
shoreline,CRLA29,42.49987227,-88.08883985,
shoreline,CRLA30,42.49981714,-88.08878798,
shoreline,LOLA01,42.44803531,-88.08629412,
shoreline,LOLA02,42.44803531,-88.08629412,
shoreline,LOLA03,42.44803531,-88.08629412,
shoreline,LOLA04,42.44834719,-88.0854233,
shoreline,LOLA05,42.44834719,-88.0854233,
shoreline,LOLA06,42.44834719,-88.0854233,
shoreline,LOLA07,42.44834719,-88.0854233,
shoreline,LOLA08,42.44834719,-88.0854233,
shoreline,LOLA09,42.44834719,-88.0854233,
shoreline,LOLA10,42.44834719,-88.0854233,
shoreline,LOLA11,42.44834719,-88.0854233,
shoreline,LOLA12,42.44834719,-88.0854233,
shoreline,LOLA13,42.44857584,-88.08505751,
shoreline,LOLA14,42.44873431,-88.08467799,
shoreline,LOLA15,42.44902881,-88.08413175,
shoreline,LOLA16,42.44902881,-88.08413175,
shoreline,LOLA17,42.44902881,-88.08413175,
shoreline,LOLA18,42.44902881,-88.08413175,
shoreline,LOLA19,42.4491388,-88.08394443,
shoreline,LOLA20,42.4491388,-88.08394443,
shoreline,LOLA21,42.4491388,-88.08394443,
shoreline,LOLA22,42.44926976,-88.08371986,
shoreline,LOLA23,42.44926976,-88.08371986,
shoreline,LOLA24,42.44976379,-88.08276728,
shoreline,LOLA25,42.44976379,-88.08276728,
shoreline,LOLA26,42.44976379,-88.08276728,
shoreline,LOLA27,42.44976379,-88.08276728,
shoreline,LOLA28,42.44976379,-88.08276728,
shoreline,LOLA29,42.4498441,-88.0825123,
shoreline,LOLA30,42.4498441,-88.0825123,
shoreline,DELA01,42.41641138,-88.06467959,
shoreline,DELA02,42.41641138,-88.06467959,
shoreline,DELA03,42.41641138,-88.06467959,
shoreline,DELA04,42.41641138,-88.06467959,
shoreline,DELA05,42.41641138,-88.06467959,
shoreline,DELA06,42.41641138,-88.06467959,
shoreline,DELA07,42.41641138,-88.06467959,
shoreline,DELA08,42.41641138,-88.06467959,
shoreline,DELA09,42.41641138,-88.06467959,
shoreline,DELA10,42.41641138,-88.06467959,
shoreline,DELA11,42.42272044,-88.06187367,
shoreline,DELA12,42.42272044,-88.06187367,
shoreline,DELA13,42.42272044,-88.06187367,
shoreline,DELA14,42.42272044,-88.06187367,
shoreline,DELA15,42.42272044,-88.06187367,
shoreline,DELA16,42.42272044,-88.06187367,
shoreline,DELA17,42.42272044,-88.06187367,
shoreline,DELA18,42.4228202,-88.06165554,
shoreline,DELA19,42.4228202,-88.06165554,
shoreline,DELA20,42.4228202,-88.06165554,
shoreline,DELA21,42.42316043,-88.06215381,
shoreline,DELA22,42.42316043,-88.06215381,
shoreline,DELA23,42.42316043,-88.06215381,
shoreline,DELA24,42.42316043,-88.06215381,
shoreline,DELA25,42.42316043,-88.06215381,
shoreline,DELA26,42.42316043,-88.06215381,
shoreline,DELA27,42.42316043,-88.06215381,
shoreline,DELA28,42.42316043,-88.06215381,
shoreline,DELA29,42.4232353,-88.06218348,
shoreline,DELA30,42.4232353,-88.06218348,
shoreline,CELA01,42.41984679,-88.08130872,
shoreline,CELA02,42.41984679,-88.08130872,
shoreline,CELA03,42.41984679,-88.08130872,
shoreline,CELA04,42.41984679,-88.08130872,
shoreline,CELA05,42.41984679,-88.08130872,
shoreline,CELA06,42.41984679,-88.08130872,
shoreline,CELA07,42.41984679,-88.08130872,
shoreline,CELA08,42.41984679,-88.08130872,
shoreline,CELA09,42.41966319,-88.08103,
shoreline,CELA10,42.41998164,-88.08063641,
shoreline,CELA11,42.41998164,-88.08063641,
shoreline,CELA12,42.41998164,-88.08063641,
shoreline,CELA13,42.41993277,-88.08069695,
shoreline,CELA14,42.41993277,-88.08069695,
shoreline,CELA15,42.41993277,-88.08069695,
shoreline,CELA16,42.41993277,-88.08069695,
shoreline,CELA17,42.41993277,-88.08069695,
shoreline,CELA18,42.41993277,-88.08069695,
shoreline,CELA19,42.41993277,-88.08069695,
shoreline,CELA20,42.41993277,-88.08069695,
shoreline,CELA21,42.41993277,-88.08069695,
shoreline,CELA22,42.41993277,-88.08069695,
shoreline,CELA23,42.41993277,-88.08069695,
shoreline,CELA24,42.41993277,-88.08069695,
shoreline,CELA25,42.41993277,-88.08069695,
shoreline,CELA26,42.41993277,-88.08069695,
shoreline,CELA27,42.41993277,-88.08069695,
shoreline,CELA28,42.41993277,-88.08069695,
shoreline,CELA29,42.41993277,-88.08069695,
shoreline,CELA30,42.41993277,-88.08069695,
shoreline,CELA31,42.42034631,-88.08082295,
shoreline,CELA32,42.42034631,-88.08082295,
shoreline,CELA33,42.42034631,-88.08082295,
shoreline,CELA34,42.42034631,-88.08082295,
shoreline,CELA35,42.42040587,-88.08081221,
shoreline,CELA36,42.42040587,-88.08081221,
shoreline,CELA37,42.42040587,-88.08081221,
shoreline,CELA38,42.42040587,-88.08081221,
shoreline,CELA39,42.42040587,-88.08081221,
shoreline,CELA40,42.42040587,-88.08081221,
shoreline,CELA41,42.42152245,-88.08085448,
shoreline,CELA42,42.42152245,-88.08085448,
shoreline,CELA43,42.42152245,-88.08085448,
shoreline,CELA44,42.42152245,-88.08085448,
shoreline,CELA45,42.42152245,-88.08085448,
shoreline,CELA46,42.42167075,-88.08091629,
shoreline,CELA47,42.42196599,-88.08112049,
shoreline,CELA48,42.42196599,-88.08112049,
shoreline,CELA49,42.42225268,-88.08126488,
shoreline,CELA50,42.42271063,-88.08141033,
shoreline,CELA51,42.42750168,-88.08469788,
shoreline,CELA52,42.42750168,-88.08469788,
shoreline,CELA53,42.42750168,-88.08469788,
shoreline,CELA54,42.42750168,-88.08469788,
shoreline,CELA55,42.42750168,-88.08469788,
shoreline,CELA56,42.42762774,-88.08612434,
shoreline,CELA57,42.42762774,-88.08612434,
shoreline,CELA58,42.42765105,-88.08598224,
shoreline,CELA59,42.42765105,-88.08598224,
shoreline,CELA60,42.42765105,-88.08598224,
shoreline,LELA01,42.32735636,-88.00974059,
shoreline,LELA02,42.32735636,-88.00974059,
shoreline,LELA03,42.32735636,-88.00974059,
shoreline,LELA04,42.32735636,-88.00974059,
shoreline,LELA05,42.32735636,-88.00974059,
shoreline,LELA06,42.32735636,-88.00974059,
shoreline,LELA07,42.32735636,-88.00974059,
shoreline,LELA08,42.32735636,-88.00974059,
shoreline,LELA09,42.32735636,-88.00974059,
shoreline,LELA10,42.32735636,-88.00974059,
shoreline,LELA11,42.32735636,-88.00974059,
shoreline,LELA12,42.32735636,-88.00974059,
shoreline,LELA13,42.32735636,-88.00974059,
shoreline,LELA14,42.32735636,-88.00974059,
shoreline,LELA15,42.32735636,-88.00974059,
shoreline,LELA16,42.32735636,-88.00974059,
shoreline,LELA17,42.32735636,-88.00974059,
shoreline,LELA18,42.32735636,-88.00974059,
shoreline,LELA19,42.32735636,-88.00974059,
shoreline,LELA20,42.32735636,-88.00974059,
shoreline,LELA21,42.32735636,-88.00974059,
shoreline,LELA22,42.32735636,-88.00974059,
shoreline,LELA23,42.32735636,-88.00974059,
shoreline,LELA24,42.32735636,-88.00974059,
shoreline,LELA25,42.32735636,-88.00974059,
shoreline,LELA26,42.32735636,-88.00974059,
shoreline,LELA27,42.32735636,-88.00974059,
shoreline,LELA28,42.32735636,-88.00974059,
shoreline,LELA29,42.32735636,-88.00974059,
shoreline,LELA30,42.32735636,-88.00974059,
shoreline,LELA31,42.32735636,-88.00974059,
shoreline,LELA32,42.32735636,-88.00974059,
shoreline,LELA33,42.32735636,-88.00974059,
shoreline,LELA34,42.32738337,-88.00974486,
shoreline,LELA35,42.32738337,-88.00974486,
shoreline,LELA36,42.32738337,-88.00974486,
shoreline,LELA37,42.32738337,-88.00974486,
shoreline,LELA38,42.32738337,-88.00974486,
shoreline,LELA39,42.32738337,-88.00974486,
shoreline,LELA40,42.32738337,-88.00974486,
shoreline,LELA41,42.32738337,-88.00974486,
shoreline,LELA42,42.32738337,-88.00974486,
shoreline,LELA43,42.32738337,-88.00974486,
shoreline,LELA44,42.32738337,-88.00974486,
shoreline,LELA45,42.32738337,-88.00974486,
shoreline,LELA46,42.32738337,-88.00974486,
shoreline,LELA47,42.32738337,-88.00974486,
shoreline,LELA48,42.32738337,-88.00974486,
shoreline,LELA49,42.32738337,-88.00974486,
shoreline,LELA50,42.32738337,-88.00974486,
shoreline,LELA51,42.32738668,-88.00965194,
shoreline,LELA52,42.32738668,-88.00965194,
shoreline,LELA53,42.32738668,-88.00965194,
shoreline,LELA54,42.32738668,-88.00965194,
shoreline,LELA55,42.32738668,-88.00965194,
shoreline,LELA56,42.32738668,-88.00965194,
shoreline,LELA57,42.32738668,-88.00965194,
shoreline,LELA58,42.32738668,-88.00965194,
shoreline,LELA59,42.32738668,-88.00965194,
shoreline,LELA60,42.32738668,-88.00965194,
shoreline,BALA01,42.26164824,-88.14110701,
shoreline,BALA02,42.26164824,-88.14110701,
shoreline,BALA03,42.26164824,-88.14110701,
shoreline,BALA04,42.26164824,-88.14110701,
shoreline,BALA05,42.26164824,-88.14110701,
shoreline,BALA06,42.26152734,-88.14084072,
shoreline,BALA07,42.26152734,-88.14084072,
shoreline,BALA08,42.26152734,-88.14084072,
shoreline,BALA09,42.26152734,-88.14084072,
shoreline,BALA10,42.26152734,-88.14084072,
shoreline,BALA11,42.26134111,-88.14064335,
shoreline,BALA12,42.26134111,-88.14064335,
shoreline,BALA13,42.26134111,-88.14064335,
shoreline,BALA14,42.26134111,-88.14064335,
shoreline,BALA15,42.26134111,-88.14064335,
shoreline,BALA16,42.26134111,-88.14064335,
shoreline,BALA17,42.26134111,-88.14064335,
shoreline,BALA18,42.26134111,-88.14064335,
shoreline,BALA19,42.26134111,-88.14064335,
shoreline,BALA20,42.26134111,-88.14064335,
shoreline,BALA21,42.26134111,-88.14064335,
shoreline,BALA22,42.26134111,-88.14064335,
shoreline,BALA23,42.26134111,-88.14064335,
shoreline,BALA24,42.26134111,-88.14064335,
shoreline,BALA25,42.26134111,-88.14064335,
shoreline,BALA26,42.26134111,-88.14064335,
shoreline,BALA27,42.26134111,-88.14064335,
shoreline,BALA28,42.26134111,-88.14064335,
shoreline,BALA29,42.26134111,-88.14064335,
shoreline,BALA30,42.26134111,-88.14064335,
treesNearShoreline,CRLA01,42.49860505,-88.09087512,
treesNearShoreline,CRLA02,42.49878689,-88.09047503,
treesNearShoreline,CRLA03,42.49878689,-88.09047503,
treesNearShoreline,CRLA04,42.49882481,-88.09046421,
treesNearShoreline,CRLA05,42.49918777,-88.08991918,
treesNearShoreline,CRLA06,42.49918777,-88.08991918,
treesNearShoreline,CRLA07,42.49918777,-88.08991918,
treesNearShoreline,CRLA08,42.49944955,-88.0898488,
treesNearShoreline,CRLA09,42.49944955,-88.0898488,
treesNearShoreline,CRLA10,42.49992728,-88.08886998,
treesNearShoreline,CRLA11,42.49992728,-88.08886998,
treesNearShoreline,CRLA12,42.49992728,-88.08886998,
treesNearShoreline,CRLA13,42.50025277,-88.08854865,
treesNearShoreline,CRLA14,42.50025277,-88.08854865,
treesNearShoreline,CRLA15,42.50025277,-88.08854865,
treesNearShoreline,CRLA16,42.50025277,-88.08854865,
treesNearShoreline,CRLA17,42.50060138,-88.08753721,
treesNearShoreline,CRLA18,42.50060138,-88.08753721,
treesNearShoreline,CRLA19,42.5006762,-88.08696067, 
treesNearShoreline,CRLA20,42.5006762,-88.08696067,
treesNearShoreline,CRLA21,42.49860505,-88.09087512,
treesNearShoreline,CRLA22,42.49983527,-88.0852595,
treesNearShoreline,CRLA23,42.49983527,-88.0852595,
treesNearShoreline,CRLA24,42.49983527,-88.0852595,
treesNearShoreline,CRLA25,42.49925497,-88.0846596,
treesNearShoreline,CRLA26,42.49918538,-88.08495574,
treesNearShoreline,CRLA27,42.49910889,-88.08475853,
treesNearShoreline,CRLA28,42.49885875,-88.08458859,
treesNearShoreline,CRLA29,42.49885875,-88.08458859,
treesNearShoreline,CRLA30,42.49836355,-88.08424733,
treesNearShoreline,LOLA01,42.44836781,-88.08566537,
treesNearShoreline,LOLA02,42.44836781,-88.08566537,
treesNearShoreline,LOLA03,42.44853492,-88.08528927,
treesNearShoreline,LOLA04,42.44875485,-88.08448611,
treesNearShoreline,LOLA05,42.44869749,-88.08420215,
treesNearShoreline,LOLA06,42.44910437,-88.08396916,
treesNearShoreline,LOLA07,42.44896928,-88.08444711,
treesNearShoreline,LOLA08,42.44928624,-88.08354318,
treesNearShoreline,LOLA09,42.44928624,-88.08354318,
treesNearShoreline,LOLA10,42.44949688,-88.08300935,
treesNearShoreline,LOLA11,42.44949688,-88.08300935,
treesNearShoreline,LOLA12,42.44949688,-88.08300935,
treesNearShoreline,LOLA13,42.44991776,-88.08257169,
treesNearShoreline,LOLA14,42.44991776,-88.08257169,
treesNearShoreline,LOLA15,42.44991776,-88.08257169,
treesNearShoreline,LOLA16,42.44991776,-88.08257169,
treesNearShoreline,LOLA17,42.45003406,-88.08123392,
treesNearShoreline,LOLA18,42.45003406,-88.08123392,
treesNearShoreline,LOLA19,42.45003406,-88.08123392,
treesNearShoreline,LOLA20,42.45039683,-88.080598,
treesNearShoreline,LOLA21,42.45039683,-88.080598,
treesNearShoreline,LOLA22,42.45501417,-88.08080694,
treesNearShoreline,LOLA23,42.45501417,-88.08080694,
treesNearShoreline,LOLA24,42.45501417,-88.08080694,
treesNearShoreline,LOLA25,42.45534422,-88.08935204,
treesNearShoreline,LOLA26,42.45534422,-88.08935204,
treesNearShoreline,LOLA27,42.45597182,-88.08864939,
treesNearShoreline,LOLA28,42.45597182,-88.08864939,
treesNearShoreline,LOLA29,42.45107953,-88.08887418,
treesNearShoreline,LOLA30,42.45107953,-88.08887418,
treesNearShoreline,DELA01,42.41720606,-88.06449998,
treesNearShoreline,DELA02,42.41730703,-88.06359063,
treesNearShoreline,DELA03,42.41730703,-88.06359063,
treesNearShoreline,DELA04,42.41730703,-88.06359063,
treesNearShoreline,DELA05,42.41730703,-88.06359063,
treesNearShoreline,DELA06,42.41928258,-88.06277004,
treesNearShoreline,DELA07,42.41928258,-88.06277004,
treesNearShoreline,DELA08,42.41928258,-88.06277004,
treesNearShoreline,DELA09,42.41928258,-88.06277004,
treesNearShoreline,DELA10,42.41928258,-88.06277004,
treesNearShoreline,DELA11,42.42020932,-88.06182694,
treesNearShoreline,DELA12,42.42020932,-88.06182694,
treesNearShoreline,DELA13,42.42020932,-88.06182694,
treesNearShoreline,DELA14,42.42041276,-88.06203515,
treesNearShoreline,DELA15,42.41761975,-88.06572159,
treesNearShoreline,DELA16,42.41761975,-88.06572159,
treesNearShoreline,DELA17,42.41773271,-88.06777914,
treesNearShoreline,DELA18,42.41773271,-88.06777914,
treesNearShoreline,DELA19,42.41918844,-88.06193105,
treesNearShoreline,DELA20,42.41918844,-88.06193105,
treesNearShoreline,DELA21,42.41616929,-88.06457536,
treesNearShoreline,DELA22,42.41616929,-88.06457536,
treesNearShoreline,DELA23,42.41616929,-88.06457536,
treesNearShoreline,DELA24,42.41616929,-88.06457536,
treesNearShoreline,DELA25,42.41616929,-88.06457536,
treesNearShoreline,DELA26,42.41742035,-88.06305488,
treesNearShoreline,DELA27,42.41804702,-88.0623086,
treesNearShoreline,DELA28,42.41926363,-88.06166491,
treesNearShoreline,DELA29,42.41926363,-88.06166491,
treesNearShoreline,DELA30,42.42021165,-88.06054233,
treesNearShoreline,CELA01,42.41718842,-88.08745005,
treesNearShoreline,CELA02,42.41718842,-88.08745005,
treesNearShoreline,CELA03,42.41718842,-88.08745005,
treesNearShoreline,CELA04,42.41718842,-88.08745005,
treesNearShoreline,CELA05,42.41718842,-88.08745005,
treesNearShoreline,CELA06,42.41843374,-88.08595374,
treesNearShoreline,CELA07,42.41843374,-88.08595374,
treesNearShoreline,CELA08,42.41843374,-88.08595374,
treesNearShoreline,CELA09,42.41843374,-88.08595374,
treesNearShoreline,CELA10,42.41843374,-88.08595374,
treesNearShoreline,CELA11,42.41843374,-88.08595374,
treesNearShoreline,CELA12,42.41843374,-88.08595374,
treesNearShoreline,CELA13,42.41831751,-88.08445074,
treesNearShoreline,CELA14,42.41831751,-88.08445074,
treesNearShoreline,CELA15,42.41831751,-88.08445074,
treesNearShoreline,CELA16,42.41831751,-88.08445074,
treesNearShoreline,CELA17,42.41831751,-88.08445074,
treesNearShoreline,CELA18,42.41831751,-88.08445074,
treesNearShoreline,CELA19,42.41831751,-88.08445074,
treesNearShoreline,CELA20,42.41936789,-88.08161307,
treesNearShoreline,CELA21,42.41936789,-88.08161307,
treesNearShoreline,CELA22,42.41990725,-88.080347,
treesNearShoreline,CELA23,42.42068517,-88.0809385,
treesNearShoreline,CELA24,42.42068517,-88.0809385,
treesNearShoreline,CELA25,42.42068517,-88.0809385,
treesNearShoreline,CELA26,42.42068517,-88.0809385,
treesNearShoreline,CELA27,42.42068517,-88.0809385,
treesNearShoreline,CELA28,42.42068517,-88.0809385,
treesNearShoreline,CELA29,42.41651608,-88.08884044,
treesNearShoreline,CELA30,42.41651608,-88.08884044,
treesNearShoreline,ALMA01,42.33499153,-87.98398232,
treesNearShoreline,ALMA02,42.33499153,-87.98398232,
treesNearShoreline,ALMA03,42.33499153,-87.98398232,
treesNearShoreline,ALMA04,42.33499153,-87.98398232,
treesNearShoreline,ALMA05,42.33499153,-87.98398232,
treesNearShoreline,ALMA06,42.33521523,-87.98478803,
treesNearShoreline,ALMA07,42.33520124,-87.98320119,
treesNearShoreline,ALMA08,42.33573253,-87.9834376,
treesNearShoreline,ALMA09,42.33494652,-87.98521577,
treesNearShoreline,ALMA10,42.33494652,-87.98521577,
treesNearShoreline,ALMA11,42.33487662,-87.98414906,
treesNearShoreline,ALMA12,42.33487941,-87.9856905,
treesNearShoreline,ALMA13,42.33487941,-87.9856905,
treesNearShoreline,ALMA14,42.33487941,-87.9856905,
treesNearShoreline,ALMA15,42.33487941,-87.9856905,
treesNearShoreline,ALMA16,42.33479411,-87.9866078,
treesNearShoreline,ALMA17,42.33479411,-87.9866078,
treesNearShoreline,ALMA18,42.33504017,-87.98703147,
treesNearShoreline,ALMA19,42.33504017,-87.98703147,
treesNearShoreline,ALMA20,42.33504017,-87.98703147,
treesNearShoreline,ALMA21,42.33549177,-87.98688585,
treesNearShoreline,ALMA22,42.33549177,-87.98688585,
treesNearShoreline,ALMA23,42.33595455,-87.98631278,
treesNearShoreline,ALMA24,42.33617183,-87.98598214,
treesNearShoreline,ALMA25,42.33617183,-87.98598214,
treesNearShoreline,ALMA26,42.33617183,-87.98598214,
treesNearShoreline,ALMA27,42.33625013,-87.98536556,
treesNearShoreline,ALMA28,42.33625013,-87.98536556,
treesNearShoreline,ALMA29,42.33625013,-87.98536556,
treesNearShoreline,ALMA30,42.33663321,-87.98479625,
treesNearShoreline,SAPO01,42.33366348,-88.01319015,
treesNearShoreline,SAPO02,42.33342376,-88.01314496,
treesNearShoreline,SAPO03,42.33342376,-88.01314496,
treesNearShoreline,SAPO04,42.33342376,-88.01314496,
treesNearShoreline,SAPO05,42.33342376,-88.01314496,
treesNearShoreline,SAPO06,42.33342376,-88.01314496,
treesNearShoreline,SAPO07,42.33342376,-88.01314496,
treesNearShoreline,SAPO08,42.33342376,-88.01314496,
treesNearShoreline,SAPO09,42.33342376,-88.01314496,
treesNearShoreline,SAPO10,42.33342376,-88.01314496,
treesNearShoreline,SAPO11,42.3339214,-88.01354348,
treesNearShoreline,SAPO12,42.3339214,-88.01354348,
treesNearShoreline,SAPO13,42.3339214,-88.01354348,
treesNearShoreline,SAPO14,42.3339214,-88.01354348,
treesNearShoreline,SAPO15,42.3339214,-88.01354348,
treesNearShoreline,SAPO16,42.33402717,-88.01322872,
treesNearShoreline,SAPO17,42.33402717,-88.01322872,
treesNearShoreline,SAPO18,42.33413212,-88.01335749,
treesNearShoreline,SAPO19,42.33413212,-88.01335749,
treesNearShoreline,SAPO20,42.33413212,-88.01335749,
treesNearShoreline,SAPO21,42.3339336,-88.01309225,
treesNearShoreline,SAPO22,42.33369929,-88.01293047,
treesNearShoreline,SAPO23,42.33369929,-88.01293047,
treesNearShoreline,SAPO24,42.33369929,-88.01293047,
treesNearShoreline,SAPO25,42.33369929,-88.01293047,
treesNearShoreline,SAPO26,42.33364219,-88.01238344,
treesNearShoreline,SAPO27,42.33364219,-88.01238344,
treesNearShoreline,SAPO28,42.33364219,-88.01238344,
treesNearShoreline,SAPO29,42.33362428,-88.01181555,
treesNearShoreline,SAPO30,42.33367229,-88.01237354,
treesNearShoreline,LELA01,42.32736807,-88.00987881,
treesNearShoreline,LELA02,42.32736807,-88.00987881,
treesNearShoreline,LELA03,42.32736807,-88.00987881,
treesNearShoreline,LELA04,42.32736807,-88.00987881,
treesNearShoreline,LELA05,42.32736807,-88.00987881,
treesNearShoreline,LELA06,42.32736807,-88.00987881,
treesNearShoreline,LELA07,42.32736807,-88.00987881,
treesNearShoreline,LELA08,42.32736807,-88.00987881,
treesNearShoreline,LELA09,42.32736807,-88.00987881,
treesNearShoreline,LELA10,42.32736807,-88.00987881,
treesNearShoreline,LELA11,42.32736807,-88.00987881,
treesNearShoreline,LELA12,42.32736807,-88.00987881,
treesNearShoreline,LELA13,42.32736807,-88.00987881,
treesNearShoreline,LELA14,42.32736807,-88.00987881,
treesNearShoreline,LELA15,42.32736807,-88.00987881,
treesNearShoreline,LELA16,42.32736807,-88.00987881,
treesNearShoreline,LELA17,42.32736807,-88.00987881,
treesNearShoreline,LELA18,42.32768204,-88.01062254,
treesNearShoreline,LELA19,42.32768204,-88.01062254,
treesNearShoreline,LELA20,42.32768204,-88.01062254,
treesNearShoreline,LELA21,42.32768204,-88.01062254,
treesNearShoreline,LELA22,42.32847144,-88.01046639,
treesNearShoreline,LELA23,42.32847144,-88.01046639,
treesNearShoreline,LELA24,42.32847144,-88.01046639,
treesNearShoreline,LELA25,42.32847144,-88.01046639,
treesNearShoreline,LELA26,42.3265863,-88.01186779,
treesNearShoreline,LELA27,42.3265863,-88.01186779,
treesNearShoreline,LELA28,42.3265863,-88.01186779,
treesNearShoreline,LELA29,42.3293362,-88.01065259,
treesNearShoreline,LELA30,42.3293362,-88.01065259,
treesNearShoreline,BALA01,42.26108318,-88.13995905,
treesNearShoreline,BALA02,42.26108318,-88.13995905,
treesNearShoreline,BALA03,42.2610233,-88.13924835,
treesNearShoreline,BALA04,42.2610233,-88.13924835,
treesNearShoreline,BALA05,42.26112484,-88.1397198,
treesNearShoreline,BALA06,42.26074209,-88.13927297,
treesNearShoreline,BALA07,42.26042183,-88.13833007,
treesNearShoreline,BALA08,42.26078637,-88.1383934,
treesNearShoreline,BALA09,42.2606796,-88.13923779,
treesNearShoreline,BALA10,42.26100245,-88.14032142,
treesNearShoreline,BALA11,42.26053636,-88.1403214,
treesNearShoreline,BALA12,42.26053636,-88.1403214,
treesNearShoreline,BALA13,42.26053636,-88.1403214,
treesNearShoreline,BALA14,42.26053636,-88.1403214,
treesNearShoreline,BALA15,42.2599896,-88.13681722,
treesNearShoreline,BALA16,42.26031247,-88.13576527,
treesNearShoreline,BALA17,42.260552,-88.13435797,
treesNearShoreline,BALA18,42.260552,-88.13435797,
treesNearShoreline,BALA19,42.26086181,-88.13295064,
treesNearShoreline,BALA20,42.26065089,-88.1326305,
treesNearShoreline,BALA21,42.26165072,-88.13153975,
treesNearShoreline,BALA22,42.26165072,-88.13153975,
treesNearShoreline,BALA23,42.26093178,-88.14140504,
treesNearShoreline,BALA24,42.26093178,-88.14140504,
treesNearShoreline,BALA25,42.26093178,-88.14140504,
treesNearShoreline,BALA26,42.26157488,-88.14245354,
treesNearShoreline,BALA27,42.26224925,-88.14284061,
treesNearShoreline,BALA28,42.26224925,-88.14284061,
treesNearShoreline,BALA29,42.26224925,-88.14284061,
treesNearShoreline,BALA30,42.26224925,-88.14284061,
